index,Program,Year,Period,Week Ending,Geo Level,State,State ANSI,Ag District,Ag District Code,County,County ANSI,Zip Code,Region,watershed_code,Watershed,Commodity,Data Item,Domain,Domain Category,Value,CV (%)
0,CENSUS,2012,END OF DEC,,STATE,ALABAMA,1,,,,,,,0,,HONEY,"HONEY, BEE COLONIES - INVENTORY, MEASURED IN COLONIES",TOTAL,NOT SPECIFIED,"11,628",10.9
1,CENSUS,2012,END OF DEC,,STATE,ALASKA,2,,,,,,,0,,HONEY,"HONEY, BEE COLONIES - INVENTORY, MEASURED IN COLONIES",TOTAL,NOT SPECIFIED,546,2.9
2,CENSUS,2012,END OF DEC,,STATE,ARIZONA,4,,,,,,,0,,HONEY,"HONEY, BEE COLONIES - INVENTORY, MEASURED IN COLONIES",TOTAL,NOT SPECIFIED,"58,461",53.3
3,CENSUS,2012,END OF DEC,,STATE,ARKANSAS,5,,,,,,,0,,HONEY,"HONEY, BEE COLONIES - INVENTORY, MEASURED IN COLONIES",TOTAL,NOT SPECIFIED,"23,259",17.1
4,CENSUS,2012,END OF DEC,,STATE,CALIFORNIA,6,,,,,,,0,,HONEY,"HONEY, BEE COLONIES - INVENTORY, MEASURED IN COLONIES",TOTAL,NOT SPECIFIED,"945,589",14.3
5,CENSUS,2012,END OF DEC,,STATE,COLORADO,8,,,,,,,0,,HONEY,"HONEY, BEE COLONIES - INVENTORY, MEASURED IN COLONIES",TOTAL,NOT SPECIFIED,"34,813",32.9
6,CENSUS,2012,END OF DEC,,STATE,CONNECTICUT,9,,,,,,,0,,HONEY,"HONEY, BEE COLONIES - INVENTORY, MEASURED IN COLONIES",TOTAL,NOT SPECIFIED,"5,639",31.8
7,CENSUS,2012,END OF DEC,,STATE,DELAWARE,10,,,,,,,0,,HONEY,"HONEY, BEE COLONIES - INVENTORY, MEASURED IN COLONIES",TOTAL,NOT SPECIFIED,817,25.8
8,CENSUS,2012,END OF DEC,,STATE,FLORIDA,12,,,,,,,0,,HONEY,"HONEY, BEE COLONIES - INVENTORY, MEASURED IN COLONIES",TOTAL,NOT SPECIFIED,"206,654",14.0
9,CENSUS,2012,END OF DEC,,STATE,GEORGIA,13,,,,,,,0,,HONEY,"HONEY, BEE COLONIES - INVENTORY, MEASURED IN COLONIES",TOTAL,NOT SPECIFIED,"64,213",4.7
10,CENSUS,2012,END OF DEC,,STATE,HAWAII,15,,,,,,,0,,HONEY,"HONEY, BEE COLONIES - INVENTORY, MEASURED IN COLONIES",TOTAL,NOT SPECIFIED,"8,630",3.4
11,CENSUS,2012,END OF DEC,,STATE,IDAHO,16,,,,,,,0,,HONEY,"HONEY, BEE COLONIES - INVENTORY, MEASURED IN COLONIES",TOTAL,NOT SPECIFIED,"103,604",11.2
12,CENSUS,2012,END OF DEC,,STATE,ILLINOIS,17,,,,,,,0,,HONEY,"HONEY, BEE COLONIES - INVENTORY, MEASURED IN COLONIES",TOTAL,NOT SPECIFIED,"10,043",17.3
13,CENSUS,2012,END OF DEC,,STATE,INDIANA,18,,,,,,,0,,HONEY,"HONEY, BEE COLONIES - INVENTORY, MEASURED IN COLONIES",TOTAL,NOT SPECIFIED,"13,017",5.9
14,CENSUS,2012,END OF DEC,,STATE,IOWA,19,,,,,,,0,,HONEY,"HONEY, BEE COLONIES - INVENTORY, MEASURED IN COLONIES",TOTAL,NOT SPECIFIED,"30,004",10.5
15,CENSUS,2012,END OF DEC,,STATE,KANSAS,20,,,,,,,0,,HONEY,"HONEY, BEE COLONIES - INVENTORY, MEASURED IN COLONIES",TOTAL,NOT SPECIFIED,"10,726",36.5
16,CENSUS,2012,END OF DEC,,STATE,KENTUCKY,21,,,,,,,0,,HONEY,"HONEY, BEE COLONIES - INVENTORY, MEASURED IN COLONIES",TOTAL,NOT SPECIFIED,"12,669",5.8
17,CENSUS,2012,END OF DEC,,STATE,LOUISIANA,22,,,,,,,0,,HONEY,"HONEY, BEE COLONIES - INVENTORY, MEASURED IN COLONIES",TOTAL,NOT SPECIFIED,"34,905",43.5
18,CENSUS,2012,END OF DEC,,STATE,MAINE,23,,,,,,,0,,HONEY,"HONEY, BEE COLONIES - INVENTORY, MEASURED IN COLONIES",TOTAL,NOT SPECIFIED,"14,456",58.8
19,CENSUS,2012,END OF DEC,,STATE,MARYLAND,24,,,,,,,0,,HONEY,"HONEY, BEE COLONIES - INVENTORY, MEASURED IN COLONIES",TOTAL,NOT SPECIFIED,"7,892",9.1
20,CENSUS,2012,END OF DEC,,STATE,MASSACHUSETTS,25,,,,,,,0,,HONEY,"HONEY, BEE COLONIES - INVENTORY, MEASURED IN COLONIES",TOTAL,NOT SPECIFIED,"4,666",33.9
21,CENSUS,2012,END OF DEC,,STATE,MICHIGAN,26,,,,,,,0,,HONEY,"HONEY, BEE COLONIES - INVENTORY, MEASURED IN COLONIES",TOTAL,NOT SPECIFIED,"78,995",4.3
22,CENSUS,2012,END OF DEC,,STATE,MINNESOTA,27,,,,,,,0,,HONEY,"HONEY, BEE COLONIES - INVENTORY, MEASURED IN COLONIES",TOTAL,NOT SPECIFIED,"101,424",2.7
23,CENSUS,2012,END OF DEC,,STATE,MISSISSIPPI,28,,,,,,,0,,HONEY,"HONEY, BEE COLONIES - INVENTORY, MEASURED IN COLONIES",TOTAL,NOT SPECIFIED,"36,097",61.0
24,CENSUS,2012,END OF DEC,,STATE,MISSOURI,29,,,,,,,0,,HONEY,"HONEY, BEE COLONIES - INVENTORY, MEASURED IN COLONIES",TOTAL,NOT SPECIFIED,"14,561",10.5
25,CENSUS,2012,END OF DEC,,STATE,MONTANA,30,,,,,,,0,,HONEY,"HONEY, BEE COLONIES - INVENTORY, MEASURED IN COLONIES",TOTAL,NOT SPECIFIED,"119,002",16.8
26,CENSUS,2012,END OF DEC,,STATE,NEBRASKA,31,,,,,,,0,,HONEY,"HONEY, BEE COLONIES - INVENTORY, MEASURED IN COLONIES",TOTAL,NOT SPECIFIED,"44,895",39.8
27,CENSUS,2012,END OF DEC,,STATE,NEVADA,32,,,,,,,0,,HONEY,"HONEY, BEE COLONIES - INVENTORY, MEASURED IN COLONIES",TOTAL,NOT SPECIFIED,"10,182",42.5
28,CENSUS,2012,END OF DEC,,STATE,NEW HAMPSHIRE,33,,,,,,,0,,HONEY,"HONEY, BEE COLONIES - INVENTORY, MEASURED IN COLONIES",TOTAL,NOT SPECIFIED,"2,912",34.6
29,CENSUS,2012,END OF DEC,,STATE,NEW JERSEY,34,,,,,,,0,,HONEY,"HONEY, BEE COLONIES - INVENTORY, MEASURED IN COLONIES",TOTAL,NOT SPECIFIED,"13,298",6.2
30,CENSUS,2012,END OF DEC,,STATE,NEW MEXICO,35,,,,,,,0,,HONEY,"HONEY, BEE COLONIES - INVENTORY, MEASURED IN COLONIES",TOTAL,NOT SPECIFIED,"15,088",35.9
31,CENSUS,2012,END OF DEC,,STATE,NEW YORK,36,,,,,,,0,,HONEY,"HONEY, BEE COLONIES - INVENTORY, MEASURED IN COLONIES",TOTAL,NOT SPECIFIED,"70,557",3.8
32,CENSUS,2012,END OF DEC,,STATE,NORTH CAROLINA,37,,,,,,,0,,HONEY,"HONEY, BEE COLONIES - INVENTORY, MEASURED IN COLONIES",TOTAL,NOT SPECIFIED,"24,225",13.3
33,CENSUS,2012,END OF DEC,,STATE,NORTH DAKOTA,38,,,,,,,0,,HONEY,"HONEY, BEE COLONIES - INVENTORY, MEASURED IN COLONIES",TOTAL,NOT SPECIFIED,"370,480",17.3
34,CENSUS,2012,END OF DEC,,STATE,OHIO,39,,,,,,,0,,HONEY,"HONEY, BEE COLONIES - INVENTORY, MEASURED IN COLONIES",TOTAL,NOT SPECIFIED,"21,398",11.2
35,CENSUS,2012,END OF DEC,,STATE,OKLAHOMA,40,,,,,,,0,,HONEY,"HONEY, BEE COLONIES - INVENTORY, MEASURED IN COLONIES",TOTAL,NOT SPECIFIED,"21,011",74.9
36,CENSUS,2012,END OF DEC,,STATE,OREGON,41,,,,,,,0,,HONEY,"HONEY, BEE COLONIES - INVENTORY, MEASURED IN COLONIES",TOTAL,NOT SPECIFIED,"82,190",8.5
37,CENSUS,2012,END OF DEC,,STATE,PENNSYLVANIA,42,,,,,,,0,,HONEY,"HONEY, BEE COLONIES - INVENTORY, MEASURED IN COLONIES",TOTAL,NOT SPECIFIED,"32,023",9.8
38,CENSUS,2012,END OF DEC,,STATE,RHODE ISLAND,44,,,,,,,0,,HONEY,"HONEY, BEE COLONIES - INVENTORY, MEASURED IN COLONIES",TOTAL,NOT SPECIFIED,739,28.4
39,CENSUS,2012,END OF DEC,,STATE,SOUTH CAROLINA,45,,,,,,,0,,HONEY,"HONEY, BEE COLONIES - INVENTORY, MEASURED IN COLONIES",TOTAL,NOT SPECIFIED,"10,083",39.8
40,CENSUS,2012,END OF DEC,,STATE,SOUTH DAKOTA,46,,,,,,,0,,HONEY,"HONEY, BEE COLONIES - INVENTORY, MEASURED IN COLONIES",TOTAL,NOT SPECIFIED,"210,447",4.8
41,CENSUS,2012,END OF DEC,,STATE,TENNESSEE,47,,,,,,,0,,HONEY,"HONEY, BEE COLONIES - INVENTORY, MEASURED IN COLONIES",TOTAL,NOT SPECIFIED,"14,161",3.6
42,CENSUS,2012,END OF DEC,,STATE,TEXAS,48,,,,,,,0,,HONEY,"HONEY, BEE COLONIES - INVENTORY, MEASURED IN COLONIES",TOTAL,NOT SPECIFIED,"136,830",29.2
43,CENSUS,2012,END OF DEC,,STATE,UTAH,49,,,,,,,0,,HONEY,"HONEY, BEE COLONIES - INVENTORY, MEASURED IN COLONIES",TOTAL,NOT SPECIFIED,"26,083",3.1
44,CENSUS,2012,END OF DEC,,STATE,VERMONT,50,,,,,,,0,,HONEY,"HONEY, BEE COLONIES - INVENTORY, MEASURED IN COLONIES",TOTAL,NOT SPECIFIED,"8,624",23.5
45,CENSUS,2012,END OF DEC,,STATE,VIRGINIA,51,,,,,,,0,,HONEY,"HONEY, BEE COLONIES - INVENTORY, MEASURED IN COLONIES",TOTAL,NOT SPECIFIED,"14,334",9.3
46,CENSUS,2012,END OF DEC,,STATE,WASHINGTON,53,,,,,,,0,,HONEY,"HONEY, BEE COLONIES - INVENTORY, MEASURED IN COLONIES",TOTAL,NOT SPECIFIED,"96,685",22.2
47,CENSUS,2012,END OF DEC,,STATE,WEST VIRGINIA,54,,,,,,,0,,HONEY,"HONEY, BEE COLONIES - INVENTORY, MEASURED IN COLONIES",TOTAL,NOT SPECIFIED,"9,325",8.7
48,CENSUS,2012,END OF DEC,,STATE,WISCONSIN,55,,,,,,,0,,HONEY,"HONEY, BEE COLONIES - INVENTORY, MEASURED IN COLONIES",TOTAL,NOT SPECIFIED,"49,661",3.7
49,CENSUS,2012,END OF DEC,,STATE,WYOMING,56,,,,,,,0,,HONEY,"HONEY, BEE COLONIES - INVENTORY, MEASURED IN COLONIES",TOTAL,NOT SPECIFIED,"45,029",41.5
50,CENSUS,2007,END OF DEC,,STATE,ALABAMA,1,,,,,,,0,,HONEY,"HONEY, BEE COLONIES - INVENTORY, MEASURED IN COLONIES",TOTAL,NOT SPECIFIED,"13,464",
51,CENSUS,2007,END OF DEC,,STATE,ALASKA,2,,,,,,,0,,HONEY,"HONEY, BEE COLONIES - INVENTORY, MEASURED IN COLONIES",TOTAL,NOT SPECIFIED,337,
52,CENSUS,2007,END OF DEC,,STATE,ARIZONA,4,,,,,,,0,,HONEY,"HONEY, BEE COLONIES - INVENTORY, MEASURED IN COLONIES",TOTAL,NOT SPECIFIED,"42,239",
53,CENSUS,2007,END OF DEC,,STATE,ARKANSAS,5,,,,,,,0,,HONEY,"HONEY, BEE COLONIES - INVENTORY, MEASURED IN COLONIES",TOTAL,NOT SPECIFIED,"31,865",
54,CENSUS,2007,END OF DEC,,STATE,CALIFORNIA,6,,,,,,,0,,HONEY,"HONEY, BEE COLONIES - INVENTORY, MEASURED IN COLONIES",TOTAL,NOT SPECIFIED,"655,817",
55,CENSUS,2007,END OF DEC,,STATE,COLORADO,8,,,,,,,0,,HONEY,"HONEY, BEE COLONIES - INVENTORY, MEASURED IN COLONIES",TOTAL,NOT SPECIFIED,"33,201",
56,CENSUS,2007,END OF DEC,,STATE,CONNECTICUT,9,,,,,,,0,,HONEY,"HONEY, BEE COLONIES - INVENTORY, MEASURED IN COLONIES",TOTAL,NOT SPECIFIED,"4,427",
57,CENSUS,2007,END OF DEC,,STATE,DELAWARE,10,,,,,,,0,,HONEY,"HONEY, BEE COLONIES - INVENTORY, MEASURED IN COLONIES",TOTAL,NOT SPECIFIED,546,
58,CENSUS,2007,END OF DEC,,STATE,FLORIDA,12,,,,,,,0,,HONEY,"HONEY, BEE COLONIES - INVENTORY, MEASURED IN COLONIES",TOTAL,NOT SPECIFIED,"158,905",
59,CENSUS,2007,END OF DEC,,STATE,GEORGIA,13,,,,,,,0,,HONEY,"HONEY, BEE COLONIES - INVENTORY, MEASURED IN COLONIES",TOTAL,NOT SPECIFIED,"93,661",
60,CENSUS,2007,END OF DEC,,STATE,HAWAII,15,,,,,,,0,,HONEY,"HONEY, BEE COLONIES - INVENTORY, MEASURED IN COLONIES",TOTAL,NOT SPECIFIED,"16,665",
61,CENSUS,2007,END OF DEC,,STATE,IDAHO,16,,,,,,,0,,HONEY,"HONEY, BEE COLONIES - INVENTORY, MEASURED IN COLONIES",TOTAL,NOT SPECIFIED,"119,379",
62,CENSUS,2007,END OF DEC,,STATE,ILLINOIS,17,,,,,,,0,,HONEY,"HONEY, BEE COLONIES - INVENTORY, MEASURED IN COLONIES",TOTAL,NOT SPECIFIED,"9,390",
63,CENSUS,2007,END OF DEC,,STATE,INDIANA,18,,,,,,,0,,HONEY,"HONEY, BEE COLONIES - INVENTORY, MEASURED IN COLONIES",TOTAL,NOT SPECIFIED,"11,305",
64,CENSUS,2007,END OF DEC,,STATE,IOWA,19,,,,,,,0,,HONEY,"HONEY, BEE COLONIES - INVENTORY, MEASURED IN COLONIES",TOTAL,NOT SPECIFIED,"29,110",
65,CENSUS,2007,END OF DEC,,STATE,KANSAS,20,,,,,,,0,,HONEY,"HONEY, BEE COLONIES - INVENTORY, MEASURED IN COLONIES",TOTAL,NOT SPECIFIED,"11,977",
66,CENSUS,2007,END OF DEC,,STATE,KENTUCKY,21,,,,,,,0,,HONEY,"HONEY, BEE COLONIES - INVENTORY, MEASURED IN COLONIES",TOTAL,NOT SPECIFIED,"10,796",
67,CENSUS,2007,END OF DEC,,STATE,LOUISIANA,22,,,,,,,0,,HONEY,"HONEY, BEE COLONIES - INVENTORY, MEASURED IN COLONIES",TOTAL,NOT SPECIFIED,"37,422",
68,CENSUS,2007,END OF DEC,,STATE,MAINE,23,,,,,,,0,,HONEY,"HONEY, BEE COLONIES - INVENTORY, MEASURED IN COLONIES",TOTAL,NOT SPECIFIED,"5,780",
69,CENSUS,2007,END OF DEC,,STATE,MARYLAND,24,,,,,,,0,,HONEY,"HONEY, BEE COLONIES - INVENTORY, MEASURED IN COLONIES",TOTAL,NOT SPECIFIED,"6,444",
70,CENSUS,2007,END OF DEC,,STATE,MASSACHUSETTS,25,,,,,,,0,,HONEY,"HONEY, BEE COLONIES - INVENTORY, MEASURED IN COLONIES",TOTAL,NOT SPECIFIED,"8,255",
71,CENSUS,2007,END OF DEC,,STATE,MICHIGAN,26,,,,,,,0,,HONEY,"HONEY, BEE COLONIES - INVENTORY, MEASURED IN COLONIES",TOTAL,NOT SPECIFIED,"74,362",
72,CENSUS,2007,END OF DEC,,STATE,MINNESOTA,27,,,,,,,0,,HONEY,"HONEY, BEE COLONIES - INVENTORY, MEASURED IN COLONIES",TOTAL,NOT SPECIFIED,"113,448",
73,CENSUS,2007,END OF DEC,,STATE,MISSISSIPPI,28,,,,,,,0,,HONEY,"HONEY, BEE COLONIES - INVENTORY, MEASURED IN COLONIES",TOTAL,NOT SPECIFIED,"22,032",
74,CENSUS,2007,END OF DEC,,STATE,MISSOURI,29,,,,,,,0,,HONEY,"HONEY, BEE COLONIES - INVENTORY, MEASURED IN COLONIES",TOTAL,NOT SPECIFIED,"21,372",
75,CENSUS,2007,END OF DEC,,STATE,MONTANA,30,,,,,,,0,,HONEY,"HONEY, BEE COLONIES - INVENTORY, MEASURED IN COLONIES",TOTAL,NOT SPECIFIED,"110,389",
76,CENSUS,2007,END OF DEC,,STATE,NEBRASKA,31,,,,,,,0,,HONEY,"HONEY, BEE COLONIES - INVENTORY, MEASURED IN COLONIES",TOTAL,NOT SPECIFIED,"36,666",
77,CENSUS,2007,END OF DEC,,STATE,NEVADA,32,,,,,,,0,,HONEY,"HONEY, BEE COLONIES - INVENTORY, MEASURED IN COLONIES",TOTAL,NOT SPECIFIED,991,
78,CENSUS,2007,END OF DEC,,STATE,NEW HAMPSHIRE,33,,,,,,,0,,HONEY,"HONEY, BEE COLONIES - INVENTORY, MEASURED IN COLONIES",TOTAL,NOT SPECIFIED,"1,901",
79,CENSUS,2007,END OF DEC,,STATE,NEW JERSEY,34,,,,,,,0,,HONEY,"HONEY, BEE COLONIES - INVENTORY, MEASURED IN COLONIES",TOTAL,NOT SPECIFIED,"10,926",
80,CENSUS,2007,END OF DEC,,STATE,NEW MEXICO,35,,,,,,,0,,HONEY,"HONEY, BEE COLONIES - INVENTORY, MEASURED IN COLONIES",TOTAL,NOT SPECIFIED,"11,511",
81,CENSUS,2007,END OF DEC,,STATE,NEW YORK,36,,,,,,,0,,HONEY,"HONEY, BEE COLONIES - INVENTORY, MEASURED IN COLONIES",TOTAL,NOT SPECIFIED,"46,401",
82,CENSUS,2007,END OF DEC,,STATE,NORTH CAROLINA,37,,,,,,,0,,HONEY,"HONEY, BEE COLONIES - INVENTORY, MEASURED IN COLONIES",TOTAL,NOT SPECIFIED,"31,768",
83,CENSUS,2007,END OF DEC,,STATE,NORTH DAKOTA,38,,,,,,,0,,HONEY,"HONEY, BEE COLONIES - INVENTORY, MEASURED IN COLONIES",TOTAL,NOT SPECIFIED,"390,421",
84,CENSUS,2007,END OF DEC,,STATE,OHIO,39,,,,,,,0,,HONEY,"HONEY, BEE COLONIES - INVENTORY, MEASURED IN COLONIES",TOTAL,NOT SPECIFIED,"22,030",
85,CENSUS,2007,END OF DEC,,STATE,OKLAHOMA,40,,,,,,,0,,HONEY,"HONEY, BEE COLONIES - INVENTORY, MEASURED IN COLONIES",TOTAL,NOT SPECIFIED,"6,457",
86,CENSUS,2007,END OF DEC,,STATE,OREGON,41,,,,,,,0,,HONEY,"HONEY, BEE COLONIES - INVENTORY, MEASURED IN COLONIES",TOTAL,NOT SPECIFIED,"52,688",
87,CENSUS,2007,END OF DEC,,STATE,PENNSYLVANIA,42,,,,,,,0,,HONEY,"HONEY, BEE COLONIES - INVENTORY, MEASURED IN COLONIES",TOTAL,NOT SPECIFIED,"35,979",
88,CENSUS,2007,END OF DEC,,STATE,RHODE ISLAND,44,,,,,,,0,,HONEY,"HONEY, BEE COLONIES - INVENTORY, MEASURED IN COLONIES",TOTAL,NOT SPECIFIED,419,
89,CENSUS,2007,END OF DEC,,STATE,SOUTH CAROLINA,45,,,,,,,0,,HONEY,"HONEY, BEE COLONIES - INVENTORY, MEASURED IN COLONIES",TOTAL,NOT SPECIFIED,"7,009",
90,CENSUS,2007,END OF DEC,,STATE,SOUTH DAKOTA,46,,,,,,,0,,HONEY,"HONEY, BEE COLONIES - INVENTORY, MEASURED IN COLONIES",TOTAL,NOT SPECIFIED,"230,075",
91,CENSUS,2007,END OF DEC,,STATE,TENNESSEE,47,,,,,,,0,,HONEY,"HONEY, BEE COLONIES - INVENTORY, MEASURED IN COLONIES",TOTAL,NOT SPECIFIED,"12,614",
92,CENSUS,2007,END OF DEC,,STATE,TEXAS,48,,,,,,,0,,HONEY,"HONEY, BEE COLONIES - INVENTORY, MEASURED IN COLONIES",TOTAL,NOT SPECIFIED,"128,064",
93,CENSUS,2007,END OF DEC,,STATE,UTAH,49,,,,,,,0,,HONEY,"HONEY, BEE COLONIES - INVENTORY, MEASURED IN COLONIES",TOTAL,NOT SPECIFIED,"28,778",
94,CENSUS,2007,END OF DEC,,STATE,VERMONT,50,,,,,,,0,,HONEY,"HONEY, BEE COLONIES - INVENTORY, MEASURED IN COLONIES",TOTAL,NOT SPECIFIED,"7,632",
95,CENSUS,2007,END OF DEC,,STATE,VIRGINIA,51,,,,,,,0,,HONEY,"HONEY, BEE COLONIES - INVENTORY, MEASURED IN COLONIES",TOTAL,NOT SPECIFIED,"10,822",
96,CENSUS,2007,END OF DEC,,STATE,WASHINGTON,53,,,,,,,0,,HONEY,"HONEY, BEE COLONIES - INVENTORY, MEASURED IN COLONIES",TOTAL,NOT SPECIFIED,"83,170",
97,CENSUS,2007,END OF DEC,,STATE,WEST VIRGINIA,54,,,,,,,0,,HONEY,"HONEY, BEE COLONIES - INVENTORY, MEASURED IN COLONIES",TOTAL,NOT SPECIFIED,"10,701",
98,CENSUS,2007,END OF DEC,,STATE,WISCONSIN,55,,,,,,,0,,HONEY,"HONEY, BEE COLONIES - INVENTORY, MEASURED IN COLONIES",TOTAL,NOT SPECIFIED,"47,488",
99,CENSUS,2007,END OF DEC,,STATE,WYOMING,56,,,,,,,0,,HONEY,"HONEY, BEE COLONIES - INVENTORY, MEASURED IN COLONIES",TOTAL,NOT SPECIFIED,"45,633",
100,CENSUS,2002,END OF DEC,,STATE,ALABAMA,1,,,,,,,0,,HONEY,"HONEY, BEE COLONIES - INVENTORY, MEASURED IN COLONIES",TOTAL,NOT SPECIFIED,"19,592",
101,CENSUS,2002,END OF DEC,,STATE,ALASKA,2,,,,,,,0,,HONEY,"HONEY, BEE COLONIES - INVENTORY, MEASURED IN COLONIES",TOTAL,NOT SPECIFIED,94,
102,CENSUS,2002,END OF DEC,,STATE,ARIZONA,4,,,,,,,0,,HONEY,"HONEY, BEE COLONIES - INVENTORY, MEASURED IN COLONIES",TOTAL,NOT SPECIFIED,"38,864",
103,CENSUS,2002,END OF DEC,,STATE,ARKANSAS,5,,,,,,,0,,HONEY,"HONEY, BEE COLONIES - INVENTORY, MEASURED IN COLONIES",TOTAL,NOT SPECIFIED,"38,924",
104,CENSUS,2002,END OF DEC,,STATE,CALIFORNIA,6,,,,,,,0,,HONEY,"HONEY, BEE COLONIES - INVENTORY, MEASURED IN COLONIES",TOTAL,NOT SPECIFIED,"484,510",
105,CENSUS,2002,END OF DEC,,STATE,COLORADO,8,,,,,,,0,,HONEY,"HONEY, BEE COLONIES - INVENTORY, MEASURED IN COLONIES",TOTAL,NOT SPECIFIED,"26,463",
106,CENSUS,2002,END OF DEC,,STATE,CONNECTICUT,9,,,,,,,0,,HONEY,"HONEY, BEE COLONIES - INVENTORY, MEASURED IN COLONIES",TOTAL,NOT SPECIFIED,"4,071",
107,CENSUS,2002,END OF DEC,,STATE,DELAWARE,10,,,,,,,0,,HONEY,"HONEY, BEE COLONIES - INVENTORY, MEASURED IN COLONIES",TOTAL,NOT SPECIFIED,452,
108,CENSUS,2002,END OF DEC,,STATE,FLORIDA,12,,,,,,,0,,HONEY,"HONEY, BEE COLONIES - INVENTORY, MEASURED IN COLONIES",TOTAL,NOT SPECIFIED,"226,332",
109,CENSUS,2002,END OF DEC,,STATE,GEORGIA,13,,,,,,,0,,HONEY,"HONEY, BEE COLONIES - INVENTORY, MEASURED IN COLONIES",TOTAL,NOT SPECIFIED,"68,345",
110,CENSUS,2002,END OF DEC,,STATE,HAWAII,15,,,,,,,0,,HONEY,"HONEY, BEE COLONIES - INVENTORY, MEASURED IN COLONIES",TOTAL,NOT SPECIFIED,"14,365",
111,CENSUS,2002,END OF DEC,,STATE,IDAHO,16,,,,,,,0,,HONEY,"HONEY, BEE COLONIES - INVENTORY, MEASURED IN COLONIES",TOTAL,NOT SPECIFIED,"92,555",
112,CENSUS,2002,END OF DEC,,STATE,ILLINOIS,17,,,,,,,0,,HONEY,"HONEY, BEE COLONIES - INVENTORY, MEASURED IN COLONIES",TOTAL,NOT SPECIFIED,"5,245",
113,CENSUS,2002,END OF DEC,,STATE,INDIANA,18,,,,,,,0,,HONEY,"HONEY, BEE COLONIES - INVENTORY, MEASURED IN COLONIES",TOTAL,NOT SPECIFIED,"9,996",
114,CENSUS,2002,END OF DEC,,STATE,IOWA,19,,,,,,,0,,HONEY,"HONEY, BEE COLONIES - INVENTORY, MEASURED IN COLONIES",TOTAL,NOT SPECIFIED,"30,641",
115,CENSUS,2002,END OF DEC,,STATE,KANSAS,20,,,,,,,0,,HONEY,"HONEY, BEE COLONIES - INVENTORY, MEASURED IN COLONIES",TOTAL,NOT SPECIFIED,"15,035",
116,CENSUS,2002,END OF DEC,,STATE,KENTUCKY,21,,,,,,,0,,HONEY,"HONEY, BEE COLONIES - INVENTORY, MEASURED IN COLONIES",TOTAL,NOT SPECIFIED,"6,850",
117,CENSUS,2002,END OF DEC,,STATE,LOUISIANA,22,,,,,,,0,,HONEY,"HONEY, BEE COLONIES - INVENTORY, MEASURED IN COLONIES",TOTAL,NOT SPECIFIED,"29,990",
118,CENSUS,2002,END OF DEC,,STATE,MAINE,23,,,,,,,0,,HONEY,"HONEY, BEE COLONIES - INVENTORY, MEASURED IN COLONIES",TOTAL,NOT SPECIFIED,"7,098",
119,CENSUS,2002,END OF DEC,,STATE,MARYLAND,24,,,,,,,0,,HONEY,"HONEY, BEE COLONIES - INVENTORY, MEASURED IN COLONIES",TOTAL,NOT SPECIFIED,"6,568",
120,CENSUS,2002,END OF DEC,,STATE,MASSACHUSETTS,25,,,,,,,0,,HONEY,"HONEY, BEE COLONIES - INVENTORY, MEASURED IN COLONIES",TOTAL,NOT SPECIFIED,"2,966",
121,CENSUS,2002,END OF DEC,,STATE,MICHIGAN,26,,,,,,,0,,HONEY,"HONEY, BEE COLONIES - INVENTORY, MEASURED IN COLONIES",TOTAL,NOT SPECIFIED,"79,341",
122,CENSUS,2002,END OF DEC,,STATE,MINNESOTA,27,,,,,,,0,,HONEY,"HONEY, BEE COLONIES - INVENTORY, MEASURED IN COLONIES",TOTAL,NOT SPECIFIED,"97,725",
123,CENSUS,2002,END OF DEC,,STATE,MISSISSIPPI,28,,,,,,,0,,HONEY,"HONEY, BEE COLONIES - INVENTORY, MEASURED IN COLONIES",TOTAL,NOT SPECIFIED,"11,624",
124,CENSUS,2002,END OF DEC,,STATE,MISSOURI,29,,,,,,,0,,HONEY,"HONEY, BEE COLONIES - INVENTORY, MEASURED IN COLONIES",TOTAL,NOT SPECIFIED,"21,333",
125,CENSUS,2002,END OF DEC,,STATE,MONTANA,30,,,,,,,0,,HONEY,"HONEY, BEE COLONIES - INVENTORY, MEASURED IN COLONIES",TOTAL,NOT SPECIFIED,"108,617",
126,CENSUS,2002,END OF DEC,,STATE,NEBRASKA,31,,,,,,,0,,HONEY,"HONEY, BEE COLONIES - INVENTORY, MEASURED IN COLONIES",TOTAL,NOT SPECIFIED,"39,922",
127,CENSUS,2002,END OF DEC,,STATE,NEVADA,32,,,,,,,0,,HONEY,"HONEY, BEE COLONIES - INVENTORY, MEASURED IN COLONIES",TOTAL,NOT SPECIFIED,678,
128,CENSUS,2002,END OF DEC,,STATE,NEW HAMPSHIRE,33,,,,,,,0,,HONEY,"HONEY, BEE COLONIES - INVENTORY, MEASURED IN COLONIES",TOTAL,NOT SPECIFIED,"1,902",
129,CENSUS,2002,END OF DEC,,STATE,NEW JERSEY,34,,,,,,,0,,HONEY,"HONEY, BEE COLONIES - INVENTORY, MEASURED IN COLONIES",TOTAL,NOT SPECIFIED,"11,527",
130,CENSUS,2002,END OF DEC,,STATE,NEW MEXICO,35,,,,,,,0,,HONEY,"HONEY, BEE COLONIES - INVENTORY, MEASURED IN COLONIES",TOTAL,NOT SPECIFIED,"10,367",
131,CENSUS,2002,END OF DEC,,STATE,NEW YORK,36,,,,,,,0,,HONEY,"HONEY, BEE COLONIES - INVENTORY, MEASURED IN COLONIES",TOTAL,NOT SPECIFIED,"45,850",
132,CENSUS,2002,END OF DEC,,STATE,NORTH CAROLINA,37,,,,,,,0,,HONEY,"HONEY, BEE COLONIES - INVENTORY, MEASURED IN COLONIES",TOTAL,NOT SPECIFIED,"15,478",
133,CENSUS,2002,END OF DEC,,STATE,NORTH DAKOTA,38,,,,,,,0,,HONEY,"HONEY, BEE COLONIES - INVENTORY, MEASURED IN COLONIES",TOTAL,NOT SPECIFIED,"160,946",
134,CENSUS,2002,END OF DEC,,STATE,OHIO,39,,,,,,,0,,HONEY,"HONEY, BEE COLONIES - INVENTORY, MEASURED IN COLONIES",TOTAL,NOT SPECIFIED,"24,605",
135,CENSUS,2002,END OF DEC,,STATE,OKLAHOMA,40,,,,,,,0,,HONEY,"HONEY, BEE COLONIES - INVENTORY, MEASURED IN COLONIES",TOTAL,NOT SPECIFIED,"6,275",
136,CENSUS,2002,END OF DEC,,STATE,OREGON,41,,,,,,,0,,HONEY,"HONEY, BEE COLONIES - INVENTORY, MEASURED IN COLONIES",TOTAL,NOT SPECIFIED,"47,563",
137,CENSUS,2002,END OF DEC,,STATE,PENNSYLVANIA,42,,,,,,,0,,HONEY,"HONEY, BEE COLONIES - INVENTORY, MEASURED IN COLONIES",TOTAL,NOT SPECIFIED,"38,481",
138,CENSUS,2002,END OF DEC,,STATE,RHODE ISLAND,44,,,,,,,0,,HONEY,"HONEY, BEE COLONIES - INVENTORY, MEASURED IN COLONIES",TOTAL,NOT SPECIFIED,520,
139,CENSUS,2002,END OF DEC,,STATE,SOUTH CAROLINA,45,,,,,,,0,,HONEY,"HONEY, BEE COLONIES - INVENTORY, MEASURED IN COLONIES",TOTAL,NOT SPECIFIED,"4,400",
140,CENSUS,2002,END OF DEC,,STATE,SOUTH DAKOTA,46,,,,,,,0,,HONEY,"HONEY, BEE COLONIES - INVENTORY, MEASURED IN COLONIES",TOTAL,NOT SPECIFIED,"164,114",
141,CENSUS,2002,END OF DEC,,STATE,TENNESSEE,47,,,,,,,0,,HONEY,"HONEY, BEE COLONIES - INVENTORY, MEASURED IN COLONIES",TOTAL,NOT SPECIFIED,"12,446",
142,CENSUS,2002,END OF DEC,,STATE,TEXAS,48,,,,,,,0,,HONEY,"HONEY, BEE COLONIES - INVENTORY, MEASURED IN COLONIES",TOTAL,NOT SPECIFIED,"113,092",
143,CENSUS,2002,END OF DEC,,STATE,UTAH,49,,,,,,,0,,HONEY,"HONEY, BEE COLONIES - INVENTORY, MEASURED IN COLONIES",TOTAL,NOT SPECIFIED,"18,195",
144,CENSUS,2002,END OF DEC,,STATE,VERMONT,50,,,,,,,0,,HONEY,"HONEY, BEE COLONIES - INVENTORY, MEASURED IN COLONIES",TOTAL,NOT SPECIFIED,"7,412",
145,CENSUS,2002,END OF DEC,,STATE,VIRGINIA,51,,,,,,,0,,HONEY,"HONEY, BEE COLONIES - INVENTORY, MEASURED IN COLONIES",TOTAL,NOT SPECIFIED,"12,594",
146,CENSUS,2002,END OF DEC,,STATE,WASHINGTON,53,,,,,,,0,,HONEY,"HONEY, BEE COLONIES - INVENTORY, MEASURED IN COLONIES",TOTAL,NOT SPECIFIED,"67,909",
147,CENSUS,2002,END OF DEC,,STATE,WEST VIRGINIA,54,,,,,,,0,,HONEY,"HONEY, BEE COLONIES - INVENTORY, MEASURED IN COLONIES",TOTAL,NOT SPECIFIED,"7,423",
148,CENSUS,2002,END OF DEC,,STATE,WISCONSIN,55,,,,,,,0,,HONEY,"HONEY, BEE COLONIES - INVENTORY, MEASURED IN COLONIES",TOTAL,NOT SPECIFIED,"59,434",
149,CENSUS,2002,END OF DEC,,STATE,WYOMING,56,,,,,,,0,,HONEY,"HONEY, BEE COLONIES - INVENTORY, MEASURED IN COLONIES",TOTAL,NOT SPECIFIED,"31,276",
150,CENSUS,1997,END OF DEC,,STATE,ALABAMA,1,,,,,,,0,,HONEY,"HONEY, BEE COLONIES - INVENTORY, MEASURED IN COLONIES",TOTAL,NOT SPECIFIED,"19,025",
151,CENSUS,1997,END OF DEC,,STATE,ALASKA,2,,,,,,,0,,HONEY,"HONEY, BEE COLONIES - INVENTORY, MEASURED IN COLONIES",TOTAL,NOT SPECIFIED,149,
152,CENSUS,1997,END OF DEC,,STATE,ARIZONA,4,,,,,,,0,,HONEY,"HONEY, BEE COLONIES - INVENTORY, MEASURED IN COLONIES",TOTAL,NOT SPECIFIED,"51,458",
153,CENSUS,1997,END OF DEC,,STATE,ARKANSAS,5,,,,,,,0,,HONEY,"HONEY, BEE COLONIES - INVENTORY, MEASURED IN COLONIES",TOTAL,NOT SPECIFIED,"27,804",
154,CENSUS,1997,END OF DEC,,STATE,CALIFORNIA,6,,,,,,,0,,HONEY,"HONEY, BEE COLONIES - INVENTORY, MEASURED IN COLONIES",TOTAL,NOT SPECIFIED,"451,739",
155,CENSUS,1997,END OF DEC,,STATE,COLORADO,8,,,,,,,0,,HONEY,"HONEY, BEE COLONIES - INVENTORY, MEASURED IN COLONIES",TOTAL,NOT SPECIFIED,"25,892",
156,CENSUS,1997,END OF DEC,,STATE,CONNECTICUT,9,,,,,,,0,,HONEY,"HONEY, BEE COLONIES - INVENTORY, MEASURED IN COLONIES",TOTAL,NOT SPECIFIED,"2,473",
157,CENSUS,1997,END OF DEC,,STATE,DELAWARE,10,,,,,,,0,,HONEY,"HONEY, BEE COLONIES - INVENTORY, MEASURED IN COLONIES",TOTAL,NOT SPECIFIED,"1,304",
158,CENSUS,1997,END OF DEC,,STATE,FLORIDA,12,,,,,,,0,,HONEY,"HONEY, BEE COLONIES - INVENTORY, MEASURED IN COLONIES",TOTAL,NOT SPECIFIED,"271,052",
159,CENSUS,1997,END OF DEC,,STATE,GEORGIA,13,,,,,,,0,,HONEY,"HONEY, BEE COLONIES - INVENTORY, MEASURED IN COLONIES",TOTAL,NOT SPECIFIED,"70,008",
160,CENSUS,1997,END OF DEC,,STATE,HAWAII,15,,,,,,,0,,HONEY,"HONEY, BEE COLONIES - INVENTORY, MEASURED IN COLONIES",TOTAL,NOT SPECIFIED,"11,831",
161,CENSUS,1997,END OF DEC,,STATE,IDAHO,16,,,,,,,0,,HONEY,"HONEY, BEE COLONIES - INVENTORY, MEASURED IN COLONIES",TOTAL,NOT SPECIFIED,"120,283",
162,CENSUS,1997,END OF DEC,,STATE,ILLINOIS,17,,,,,,,0,,HONEY,"HONEY, BEE COLONIES - INVENTORY, MEASURED IN COLONIES",TOTAL,NOT SPECIFIED,"8,249",
163,CENSUS,1997,END OF DEC,,STATE,INDIANA,18,,,,,,,0,,HONEY,"HONEY, BEE COLONIES - INVENTORY, MEASURED IN COLONIES",TOTAL,NOT SPECIFIED,"10,150",
164,CENSUS,1997,END OF DEC,,STATE,IOWA,19,,,,,,,0,,HONEY,"HONEY, BEE COLONIES - INVENTORY, MEASURED IN COLONIES",TOTAL,NOT SPECIFIED,"38,322",
165,CENSUS,1997,END OF DEC,,STATE,KANSAS,20,,,,,,,0,,HONEY,"HONEY, BEE COLONIES - INVENTORY, MEASURED IN COLONIES",TOTAL,NOT SPECIFIED,"26,862",
166,CENSUS,1997,END OF DEC,,STATE,KENTUCKY,21,,,,,,,0,,HONEY,"HONEY, BEE COLONIES - INVENTORY, MEASURED IN COLONIES",TOTAL,NOT SPECIFIED,"4,401",
167,CENSUS,1997,END OF DEC,,STATE,LOUISIANA,22,,,,,,,0,,HONEY,"HONEY, BEE COLONIES - INVENTORY, MEASURED IN COLONIES",TOTAL,NOT SPECIFIED,"31,464",
168,CENSUS,1997,END OF DEC,,STATE,MAINE,23,,,,,,,0,,HONEY,"HONEY, BEE COLONIES - INVENTORY, MEASURED IN COLONIES",TOTAL,NOT SPECIFIED,"6,144",
169,CENSUS,1997,END OF DEC,,STATE,MARYLAND,24,,,,,,,0,,HONEY,"HONEY, BEE COLONIES - INVENTORY, MEASURED IN COLONIES",TOTAL,NOT SPECIFIED,"5,454",
170,CENSUS,1997,END OF DEC,,STATE,MASSACHUSETTS,25,,,,,,,0,,HONEY,"HONEY, BEE COLONIES - INVENTORY, MEASURED IN COLONIES",TOTAL,NOT SPECIFIED,"7,267",
171,CENSUS,1997,END OF DEC,,STATE,MICHIGAN,26,,,,,,,0,,HONEY,"HONEY, BEE COLONIES - INVENTORY, MEASURED IN COLONIES",TOTAL,NOT SPECIFIED,"78,331",
172,CENSUS,1997,END OF DEC,,STATE,MINNESOTA,27,,,,,,,0,,HONEY,"HONEY, BEE COLONIES - INVENTORY, MEASURED IN COLONIES",TOTAL,NOT SPECIFIED,"134,857",
173,CENSUS,1997,END OF DEC,,STATE,MISSISSIPPI,28,,,,,,,0,,HONEY,"HONEY, BEE COLONIES - INVENTORY, MEASURED IN COLONIES",TOTAL,NOT SPECIFIED,"21,807",
174,CENSUS,1997,END OF DEC,,STATE,MISSOURI,29,,,,,,,0,,HONEY,"HONEY, BEE COLONIES - INVENTORY, MEASURED IN COLONIES",TOTAL,NOT SPECIFIED,"19,847",
175,CENSUS,1997,END OF DEC,,STATE,MONTANA,30,,,,,,,0,,HONEY,"HONEY, BEE COLONIES - INVENTORY, MEASURED IN COLONIES",TOTAL,NOT SPECIFIED,"96,368",
176,CENSUS,1997,END OF DEC,,STATE,NEBRASKA,31,,,,,,,0,,HONEY,"HONEY, BEE COLONIES - INVENTORY, MEASURED IN COLONIES",TOTAL,NOT SPECIFIED,"49,509",
177,CENSUS,1997,END OF DEC,,STATE,NEVADA,32,,,,,,,0,,HONEY,"HONEY, BEE COLONIES - INVENTORY, MEASURED IN COLONIES",TOTAL,NOT SPECIFIED,"1,519",
178,CENSUS,1997,END OF DEC,,STATE,NEW HAMPSHIRE,33,,,,,,,0,,HONEY,"HONEY, BEE COLONIES - INVENTORY, MEASURED IN COLONIES",TOTAL,NOT SPECIFIED,"2,136",
179,CENSUS,1997,END OF DEC,,STATE,NEW JERSEY,34,,,,,,,0,,HONEY,"HONEY, BEE COLONIES - INVENTORY, MEASURED IN COLONIES",TOTAL,NOT SPECIFIED,"11,982",
180,CENSUS,1997,END OF DEC,,STATE,NEW MEXICO,35,,,,,,,0,,HONEY,"HONEY, BEE COLONIES - INVENTORY, MEASURED IN COLONIES",TOTAL,NOT SPECIFIED,"12,546",
181,CENSUS,1997,END OF DEC,,STATE,NEW YORK,36,,,,,,,0,,HONEY,"HONEY, BEE COLONIES - INVENTORY, MEASURED IN COLONIES",TOTAL,NOT SPECIFIED,"57,840",
182,CENSUS,1997,END OF DEC,,STATE,NORTH CAROLINA,37,,,,,,,0,,HONEY,"HONEY, BEE COLONIES - INVENTORY, MEASURED IN COLONIES",TOTAL,NOT SPECIFIED,"11,949",
183,CENSUS,1997,END OF DEC,,STATE,NORTH DAKOTA,38,,,,,,,0,,HONEY,"HONEY, BEE COLONIES - INVENTORY, MEASURED IN COLONIES",TOTAL,NOT SPECIFIED,"126,520",
184,CENSUS,1997,END OF DEC,,STATE,OHIO,39,,,,,,,0,,HONEY,"HONEY, BEE COLONIES - INVENTORY, MEASURED IN COLONIES",TOTAL,NOT SPECIFIED,"25,176",
185,CENSUS,1997,END OF DEC,,STATE,OKLAHOMA,40,,,,,,,0,,HONEY,"HONEY, BEE COLONIES - INVENTORY, MEASURED IN COLONIES",TOTAL,NOT SPECIFIED,"4,897",
186,CENSUS,1997,END OF DEC,,STATE,OREGON,41,,,,,,,0,,HONEY,"HONEY, BEE COLONIES - INVENTORY, MEASURED IN COLONIES",TOTAL,NOT SPECIFIED,"53,953",
187,CENSUS,1997,END OF DEC,,STATE,PENNSYLVANIA,42,,,,,,,0,,HONEY,"HONEY, BEE COLONIES - INVENTORY, MEASURED IN COLONIES",TOTAL,NOT SPECIFIED,"28,758",
188,CENSUS,1997,END OF DEC,,STATE,RHODE ISLAND,44,,,,,,,0,,HONEY,"HONEY, BEE COLONIES - INVENTORY, MEASURED IN COLONIES",TOTAL,NOT SPECIFIED,303,
189,CENSUS,1997,END OF DEC,,STATE,SOUTH CAROLINA,45,,,,,,,0,,HONEY,"HONEY, BEE COLONIES - INVENTORY, MEASURED IN COLONIES",TOTAL,NOT SPECIFIED,"8,621",
190,CENSUS,1997,END OF DEC,,STATE,SOUTH DAKOTA,46,,,,,,,0,,HONEY,"HONEY, BEE COLONIES - INVENTORY, MEASURED IN COLONIES",TOTAL,NOT SPECIFIED,"219,901",
191,CENSUS,1997,END OF DEC,,STATE,TENNESSEE,47,,,,,,,0,,HONEY,"HONEY, BEE COLONIES - INVENTORY, MEASURED IN COLONIES",TOTAL,NOT SPECIFIED,"11,794",
192,CENSUS,1997,END OF DEC,,STATE,TEXAS,48,,,,,,,0,,HONEY,"HONEY, BEE COLONIES - INVENTORY, MEASURED IN COLONIES",TOTAL,NOT SPECIFIED,"111,413",
193,CENSUS,1997,END OF DEC,,STATE,UTAH,49,,,,,,,0,,HONEY,"HONEY, BEE COLONIES - INVENTORY, MEASURED IN COLONIES",TOTAL,NOT SPECIFIED,"32,504",
194,CENSUS,1997,END OF DEC,,STATE,VERMONT,50,,,,,,,0,,HONEY,"HONEY, BEE COLONIES - INVENTORY, MEASURED IN COLONIES",TOTAL,NOT SPECIFIED,"5,365",
195,CENSUS,1997,END OF DEC,,STATE,VIRGINIA,51,,,,,,,0,,HONEY,"HONEY, BEE COLONIES - INVENTORY, MEASURED IN COLONIES",TOTAL,NOT SPECIFIED,"10,841",
196,CENSUS,1997,END OF DEC,,STATE,WASHINGTON,53,,,,,,,0,,HONEY,"HONEY, BEE COLONIES - INVENTORY, MEASURED IN COLONIES",TOTAL,NOT SPECIFIED,"80,201",
197,CENSUS,1997,END OF DEC,,STATE,WEST VIRGINIA,54,,,,,,,0,,HONEY,"HONEY, BEE COLONIES - INVENTORY, MEASURED IN COLONIES",TOTAL,NOT SPECIFIED,"6,231",
198,CENSUS,1997,END OF DEC,,STATE,WISCONSIN,55,,,,,,,0,,HONEY,"HONEY, BEE COLONIES - INVENTORY, MEASURED IN COLONIES",TOTAL,NOT SPECIFIED,"69,893",
199,CENSUS,1997,END OF DEC,,STATE,WYOMING,56,,,,,,,0,,HONEY,"HONEY, BEE COLONIES - INVENTORY, MEASURED IN COLONIES",TOTAL,NOT SPECIFIED,"32,569",
